{
   "line_0": {
      "direction": [
         0.9884274176775595,
         -0.1302810426151061,
         0.07770514730950907
      ],
      "support": [
         983.3814123376624,
         -148.30876623376622,
         -121.02573051948052
      ]
   },
   "line_1": {
      "direction": [
         0.844111165891252,
         -0.010503402228022929,
         0.5360653114680595
      ],
      "support": [
         -3228.9435206422017,
         -512.1115298165137,
         11857.30991972477
      ]
   }
}