{
   "line_0": {
      "direction": [
         0.9712011160871996,
         -0.14140511293049046,
         0.19176283828754082
      ],
      "support": [
         1015.8817069575472,
         -153.92401238207546,
         -120.05844634433963
      ]
   },
   "line_1": {
      "direction": [
         0.8434180987430986,
         0.0005166311822210261,
         0.5372575209383286
      ],
      "support": [
         -1966.9831018518519,
         -516.3118092592592,
         12697.857407407408
      ]
   }
}