{
   "line_0": {
      "direction": [
         0.9840758326799123,
         -0.12586519744560443,
         0.12550979088229008
      ],
      "support": [
         994.6917098445596,
         -150.2325129533679,
         -119.70021049222798
      ]
   },
   "line_1": {
      "direction": [
         0.8422985302099261,
         -0.009525796977835288,
         0.5389271241996784
      ],
      "support": [
         -3157.9333517699115,
         -507.49060176991145,
         11924.071902654867
      ]
   }
}