{
   "line_1": {
      "direction": [
         0.7694614082861055,
         0.025650634567776276,
         0.6381780207000499
      ],
      "mean": [
         -1394.6640000000002,
         -445.08299999999997,
         13171.01
      ]
   },
   "line_0": {
      "direction": [
         0.9609153520443258,
         0.002797717724735249,
         0.2768282120396372
      ],
      "mean": [
         5280.544,
         -227.47200000000004,
         1189.0379999999998
      ]
   }
}