{
   "line_0": {
      "direction": [
         0.9884274176775595,
         -0.1302810426151061,
         0.07770514730950907
      ],
      "support": [
         983.3814123376624,
         -148.30876623376622,
         -121.02573051948052
      ]
   },
   "line_1": {
      "direction": [
         0.8431344165072666,
         -0.012614937687170147,
         0.5375548521296226
      ],
      "support": [
         -3213.7889204545454,
         -523.5605159090909,
         11878.166761363636
      ]
   }
}