{
   "line_0": {
      "direction": [
         0.9884274176775595,
         -0.1302810426151061,
         0.07770514730950907
      ],
      "support": [
         983.3814123376624,
         -148.30876623376622,
         -121.02573051948052
      ]
   },
   "line_1": {
      "direction": [
         0.8438841977554258,
         -0.01230286083306753,
         0.5363842842533728
      ],
      "support": [
         -3202.2210227272726,
         -522.5718795454545,
         11876.307102272727
      ]
   }
}