{
   "line_0": {
      "direction": [
         0.9583219767581116,
         -0.004450699733338385,
         0.2856557020861112
      ],
      "support": [
         1807.4657590759075,
         -160.80383663366337,
         124.46880156765677
      ]
   },
   "line_1": {
      "direction": [
         0.8737810511409505,
         -0.012118432069206788,
         0.48616850810310563
      ],
      "support": [
         -2378.9915400552486,
         -529.4677168508287,
         12095.471167127072
      ]
   },
   "line_2": {
      "direction": [
         0.40043324203430153,
         -0.760216149012618,
         -0.5115902906177205
      ],
      "support": [
         4954.174107142857,
         159.51339285714286,
         20640.96651785714
      ]
   }
}