{
   "line_0": {
      "direction": [
         0.9583869154419554,
         -0.004546140620812322,
         0.2854362501770054
      ],
      "support": [
         1872.7506756756757,
         -159.4177364864865,
         146.18490990990992
      ]
   },
   "line_1": {
      "direction": [
         0.7884621203607939,
         0.019452828555345247,
         0.6147756275401274
      ],
      "support": [
         -1683.7755503144654,
         -477.32626100628926,
         12841.354166666666
      ]
   }
}