{
   "line_0": {
      "direction": [
         0.9670732312056688,
         -0.15922799764449297,
         0.19853415386666612
      ],
      "support": [
         1009.0063464010283,
         -158.0870822622108,
         -116.44633676092545
      ]
   },
   "line_1": {
      "direction": [
         0.8455237152414893,
         -0.006480996528883464,
         0.53389853310177
      ],
      "support": [
         -3423.4278273809523,
         -497.3196964285714,
         11705.16939484127
      ]
   }
}